<?xml version="1.0" encoding="UTF-8"?>
<configuration>

    <appender name="CONSOLE" class="ch.qos.logback.core.ConsoleAppender">
        <filter class="ch.qos.logback.classic.filter.LevelFilter">
            <level>DEBUG</level>
            <onMatch>DENY</onMatch>
        </filter>
        <filter class="ch.qos.logback.classic.filter.LevelFilter">
            <level>INFO</level>
            <onMatch>DENY</onMatch>
        </filter>
        <filter class="ch.qos.logback.classic.filter.LevelFilter">
            <level>TRACE</level>
            <onMatch>DENY</onMatch>
        </filter>
        <filter class="ch.qos.logback.classic.filter.LevelFilter">
            <level>WARN</level>
            <onMatch>ACCEPT</onMatch>
        </filter>
        <filter class="ch.qos.logback.classic.filter.LevelFilter">
            <level>ERROR</level>
            <onMatch>ACCEPT</onMatch>
        </filter>
        <encoder>
            <pattern>%d{HH:mm:ss.SSS} [%-5level] %logger{15} - %msg%n%rEx</pattern>
        </encoder>
        <immediateFlush>false</immediateFlush>
    </appender>

    <appender name="FILE" class="ch.qos.logback.core.FileAppender">
        <file>/kraken/gatling/results/${KRAKEN_TEST_ID}/gatling.log</file>
        <append>false</append>
        <filter class="ch.qos.logback.classic.filter.LevelFilter">
            <level>DEBUG</level>
            <onMatch>ACCEPT</onMatch>
        </filter>
        <filter class="ch.qos.logback.classic.filter.LevelFilter">
            <level>INFO</level>
            <onMatch>DENY</onMatch>
        </filter>
        <filter class="ch.qos.logback.classic.filter.LevelFilter">
            <level>TRACE</level>
            <onMatch>ACCEPT</onMatch>
        </filter>
        <filter class="ch.qos.logback.classic.filter.LevelFilter">
            <level>WARN</level>
            <onMatch>DENY</onMatch>
        </filter>
        <filter class="ch.qos.logback.classic.filter.LevelFilter">
            <level>ERROR</level>
            <onMatch>DENY</onMatch>
        </filter>
        <encoder>
            <pattern>%d{HH:mm:ss.SSS} [%-5level] %logger{15} - %msg%n%rEx</pattern>
        </encoder>
    </appender>

    <!-- uncomment and set to DEBUG to log all failing HTTP requests -->
    <!-- uncomment and set to TRACE to log all HTTP requests -->
    <logger name="io.gatling.http.engine.response" level="TRACE">
    </logger>
    <root level="WARN">
        <appender-ref ref="CONSOLE"/>
        <appender-ref ref="FILE"/>
    </root>
</configuration>
